"Data Source","World Development Indicators",

"Last Updated Date","2023-03-01",

"Country Name","Country Code","Indicator Name","Indicator Code","1960","1961","1962","1963","1964","1965","1966","1967","1968","1969","1970","1971","1972","1973","1974","1975","1976","1977","1978","1979","1980","1981","1982","1983","1984","1985","1986","1987","1988","1989","1990","1991","1992","1993","1994","1995","1996","1997","1998","1999","2000","2001","2002","2003","2004","2005","2006","2007","2008","2009","2010","2011","2012","2013","2014","2015","2016","2017","2018","2019","2020","2021",
"Aruba","ABW","Patent applications, residents","IP.PAT.RESD","","","","","","","","","","","","","","","","","","","","","","","","","","","","","","","","","","","","","","","","","","","1","","","","","","","","","","","","","","","","","","","",
"Africa Eastern and Southern","AFE","Patent applications, residents","IP.PAT.RESD","","","","","","","","","","","","","","","","","","","","","","","","","","","","","","","","","","","","","","","","","","","","","","","","","","","","","","","","","","","","","","",
"Afghanistan","AFG","Patent applications, residents","IP.PAT.RESD","","","","","","","","","","","","","","","","","","","","","","","","","","","","","","","","","","","","","","","","","","","","","","","","","","","","","","","","","","","","","","",
"Africa Western and Central","AFW","Patent applications, residents","IP.PAT.RESD","","","","","","","","","","","","","","","","","","","","","","","","","","","","","","","","","","","","","","","","","","","","","","","","","","","","","","","","","","","","","","",
"Angola","AGO","Patent applications, residents","IP.PAT.RESD","","","","","","","","","","","","","","","","","","","","","","","","","","","","","","","","","4","","","","","","","","","","","","","","","","","","","","","","","","","","6","2","85","",
"Albania","ALB","Patent applications, residents","IP.PAT.RESD","","","","","","","","","","","","","","","","","","","","","","","","","","","","","","","","","","","","","","","","","","","","","","","","","","","","3","","","10","14","20","16","15","4","","",
"Andorra","AND","Patent applications, residents","IP.PAT.RESD","","","","","","","","","","","","","","","","","","","","","","","","","","","","","","","","","","","","","","","","","","","","","","","","","","","","","","","","","","","1","3","3","",
"Arab World","ARB","Patent applications, residents","IP.PAT.RESD","","","","","","","","","","","","","","","","","","","","","","","","","","","","","","","","","","","","","","","","","","","","","","","","","","","","","","","","","","","","","","",
"United Arab Emirates","ARE","Patent applications, residents","IP.PAT.RESD","","","","","","","","","","","","","","","","","","","","","","","","","","","","","","","","","","","","","","","","","","","","","","","","","","","25","33","23","21","29","35","57","63","57","55","39","",
"Argentina","ARG","Patent applications, residents","IP.PAT.RESD","","","","","","","","","","","","","","","","","","","","","1269","954","951","1102","1182","","","","","","955","943","503","787","694","676","1097","824","861","899","1062","691","718","792","786","1054","1020","937","801","640","552","688","735","643","509","546","884","393","425","442","930","",
"Armenia","ARM","Patent applications, residents","IP.PAT.RESD","","","","","","","","","","","","","","","","","","","","","","","","","","","","","","","","","","184","154","187","162","62","75","109","119","140","200","151","","206","192","135","226","116","136","121","137","125","121","113","125","107","101","112","63","",
"American Samoa","ASM","Patent applications, residents","IP.PAT.RESD","","","","","","","","","","","","","","","","","","","","","","","","","","","","","","","","","","","","","","","","","","","","","","","","","","","","","","","","","","","","","","",
"Antigua and Barbuda","ATG","Patent applications, residents","IP.PAT.RESD","","","","","","","","","","","","","","","","","","","","","","","","","","","","","","","","","","","","","","","","","","","","","","","","","","","","","","","","","","","5","","","",
"Australia","AUS","Patent applications, residents","IP.PAT.RESD","","","","","","","","","","","","","","","","","","","","","6582","6341","6603","6930","7170","","","","","","","","","","","1784","1797","1760","1862","1858","1928","2187","2364","2418","2559","2555","2837","2718","2821","2494","2409","2383","2627","3061","1988","2291","2620","2503","2757","2637","2368","",
"Austria","AUT","Patent applications, residents","IP.PAT.RESD","","","","","","","","","","","","","","","","","","","","","2327","2390","2233","2345","2324","2269","2210","2249","2212","2105","2025","2076","2117","2190","1989","1728","1909","1910","1957","2028","1961","1815","1932","2120","2248","2270","2271","2385","2298","2263","2424","2154","2258","2162","2092","2205","2078","2073","2039","2066","2124","",
"Azerbaijan","AZE","Patent applications, residents","IP.PAT.RESD","","","","","","","","","","","","","","","","","","","","","","","","","","","","","","","","","","","","221","165","","","","","203","234","246","270","281","246","287","226","264","254","193","144","156","168","184","144","204","155","147","90","",
"Burundi","BDI","Patent applications, residents","IP.PAT.RESD","","","","","","","","","","","","","","","","","","","","","","","","","","","","","","1","","","","","","","1","","","","","","","","","","","","","","","","","","","","","3","2","","2","",
"Belgium","BEL","Patent applications, residents","IP.PAT.RESD","","","","","","","","","","","","","","","","","","","","","865","806","914","805","869","771","794","548","636","681","643","625","675","809","744","732","776","792","690","591","577","571","601","519","514","517","490","454","575","669","620","636","755","715","889","949","1054","1001","892","876","862","",
"Benin","BEN","Patent applications, residents","IP.PAT.RESD","","","","","","","","","","","","","","","","","","","","","","","","","","","","","","","","","","","","","","","","","","","","","","","","","","","","","","","","","","","","","","",
"Burkina Faso","BFA","Patent applications, residents","IP.PAT.RESD","","","","","","","","","","","","","","","","","","","","","","","","","","","","","","","","","","","","","","","2","4","2","","","1","2","1","","","","","2","","","","","","","","","","","",
"Bangladesh","BGD","Patent applications, residents","IP.PAT.RESD","","","","","","","","","","","","","","","","","","","","","34","39","40","40","62","40","16","23","24","32","32","36","72","36","39","70","22","46","32","49","70","59","43","58","48","50","22","29","60","55","66","37","67","60","44","41","77","61","69","68","40","",
"Bulgaria","BGR","Patent applications, residents","IP.PAT.RESD","","","","","","","","","","","","","","","","","","","","","3297","3673","3628","3811","3843","2","1","3","6","63","198","422","329","412","319","368","316","394","274","282","231","283","289","278","263","261","243","211","249","242","243","262","245","282","218","280","230","202","180","186","239","",
"Bahrain","BHR","Patent applications, residents","IP.PAT.RESD","","","","","","","","","","","","","","","","","","","","","","1","","","","","","","","","","","","","","","","","","","","","","","","","","","","","","1","3","3","6","8","6","8","11","4","7","",
"Bahamas, The","BHS","Patent applications, residents","IP.PAT.RESD","","","","","","","","","","","","","","","","","","","","","","2","3","","3","3","1","","4","","2","1","2","","","","","","","","","","","","","","","","","","","","3","1","1","2","3","4","","","","",
"Bosnia and Herzegovina","BIH","Patent applications, residents","IP.PAT.RESD","","","","","","","","","","","","","","","","","","","","","","","","","","","","","","","","","","","","","","","","23","31","52","","32","50","66","55","","59","","56","43","2","7","41","","60","87","84","45","50","",
"Belarus","BLR","Patent applications, residents","IP.PAT.RESD","","","","","","","","","","","","","","","","","","","","","","","","","","","","","","","","","","828","683","624","698","752","910","993","994","930","895","1082","1065","1166","1188","1405","1510","1753","1759","1725","1681","1489","652","543","455","434","453","298","317","",
"Belize","BLZ","Patent applications, residents","IP.PAT.RESD","","","","","","","","","","","","","","","","","","","","","","","","","","","","","","","","","","","","","","","","","","","","","","","1","","","","","","","","","","","","","","","",
"Bermuda","BMU","Patent applications, residents","IP.PAT.RESD","","","","","","","","","","","","","","","","","","","","","","","","","","","","","","","","","","","","","","","","","","","","","","","","","","","","","","","","","","","","","","",
"Bolivia","BOL","Patent applications, residents","IP.PAT.RESD","","","","","","","","","","","","","","","","","","","","","8","12","18","11","4","5","","","","","","","","26","28","17","","","","","","","","","","","","","","","","","","","9","","12","59","","","","",
"Brazil","BRA","Patent applications, residents","IP.PAT.RESD","","","","","","","","","","","","","","","","","","","","","2149","2171","2116","2302","2062","1954","1855","2451","2338","2323","2389","2319","2100","2429","2269","2707","2611","2756","2491","2816","3179","3439","3481","3866","4044","4054","3956","4194","4280","4271","4228","4695","4798","4959","4659","4641","5200","5480","4980","5464","5280","",
"Barbados","BRB","Patent applications, residents","IP.PAT.RESD","","","","","","","","","","","","","","","","","","","","","","","","","3","","","","","","","","","","","","","","","","","","","2","","","","3","1","","","","","3","1","","","","","","29","",
"Brunei Darussalam","BRN","Patent applications, residents","IP.PAT.RESD","","","","","","","","","","","","","","","","","","","","","","","","","","","","","","","","","","","","","","","","","","","","","","","","","","","","","20","20","26","","16","8","26","8","5","",
"Bhutan","BTN","Patent applications, residents","IP.PAT.RESD","","","","","","","","","","","","","","","","","","","","","","","","","","","","","","","","","","","","","","","","","","","","","","","","","","","","","3","3","","1","4","","1","1","","",
"Botswana","BWA","Patent applications, residents","IP.PAT.RESD","","","","","","","","","","","","","","","","","","","","","","","","","","","","","","","","","","","","","","","","","","","","","","","","","","","","1","5","8","4","3","1","3","","2","2","",
"Central African Republic","CAF","Patent applications, residents","IP.PAT.RESD","","","","","","","","","","","","","","","","","","","","","","","","","","","","","","","","","","","","","","","","","","","","","","","","","","","","","","","","","","","","","","",
"Canada","CAN","Patent applications, residents","IP.PAT.RESD","","","","","","","","","","","","","","","","","","","","","1648","2164","2000","2017","2026","2092","2161","2527","2772","3031","2549","2182","2807","3623","2480","2431","2583","3344","3809","4061","4187","3963","3959","3929","5231","5183","5522","4998","5061","5067","4550","4754","4709","4567","4198","4277","4078","4053","4349","4238","4452","",
"Central Europe and the Baltics","CEB","Patent applications, residents","IP.PAT.RESD","","","","","","","","","","","","","","","","","","","","","","","","","","","","","","","","","","","","","","","","","","","","","","","","","","","","","","","","","","","","","","",
"Switzerland","CHE","Patent applications, residents","IP.PAT.RESD","","","","","","","","","","","","","","","","","","","","","4049","3712","3845","3817","3393","3191","3199","3298","3236","3247","2987","2949","3068","2999","3033","2890","2504","2408","2025","1916","2083","1859","1827","1831","1742","1643","1740","1692","1594","1684","1622","1597","1480","1525","1480","1477","1462","1337","1283","1369","1384","",
"Channel Islands","CHI","Patent applications, residents","IP.PAT.RESD","","","","","","","","","","","","","","","","","","","","","","","","","","","","","","","","","","","","","","","","","","","","","","","","","","","","","","","","","","","","","","",
"Chile","CHL","Patent applications, residents","IP.PAT.RESD","","","","","","","","","","","","","","","","","","","","","140","92","96","96","105","122","96","108","111","135","169","151","178","155","219","171","176","161","207","204","241","246","391","329","382","361","291","403","531","343","328","339","336","340","452","443","386","425","406","438","372","",
"China","CHN","Patent applications, residents","IP.PAT.RESD","","","","","","","","","","","","","","","","","","","","","","","","","","4065","3494","3975","4780","4749","5832","7372","10022","12084","11191","10011","11628","12672","13751","15626","25346","30038","39806","56769","65786","93485","122318","153060","194579","229096","293066","415829","535313","704936","801135","968252","1204981","1245709","1393815","1243568","1344817","",
"Cote d'Ivoire","CIV","Patent applications, residents","IP.PAT.RESD","","","","","","","","","","","","","","","","","","","","","","","","","","","","","","","","","","","","","","","","","","","","","","","","","","","","","26","","","","","","","","","",
"Cameroon","CMR","Patent applications, residents","IP.PAT.RESD","","","","","","","","","","","","","","","","","","","","","","","","","","","","","","","","","","","","","","","","","","","","","","","","","","","","","","","","","","","","","","",
"Congo, Dem. Rep.","COD","Patent applications, residents","IP.PAT.RESD","","","","","","","","","","","","","","","","","","","","","","","","","","","","","","","","","","","","","","","","","","","","","","","","","","","","","","","","","","","44","42","72","",
"Congo, Rep.","COG","Patent applications, residents","IP.PAT.RESD","","","","","","","","","","","","","","","","","","","","","","","","","","","5","","19","","","","","","","","","","","","","","","","","","","","","","","","","","","","","","","","","",
"Colombia","COL","Patent applications, residents","IP.PAT.RESD","","","","","","","","","","","","","","","","","","","","","43","39","","82","69","72","81","52","85","90","","85","120","138","124","141","87","80","161","68","75","65","54","82","76","99","142","128","126","128","133","183","213","251","260","321","545","595","415","422","369","",
"Comoros","COM","Patent applications, residents","IP.PAT.RESD","","","","","","","","","","","","","","","","","","","","","","","","","","","","","","","","","","","","","","","","","","","","","","","","","","","","","","","","","","","","","","",
"Cabo Verde","CPV","Patent applications, residents","IP.PAT.RESD","","","","","","","","","","","","","","","","","","","","","","","","","","","","","","","","","","","","","","","","","","","","","","","","","","","","","","","","","2","2","3","","1","",
"Costa Rica","CRI","Patent applications, residents","IP.PAT.RESD","","","","","","","","","","","","","","","","","","","","","30","41","39","16","24","16","11","10","10","13","15","63","18","27","32","25","23","25","22","31","28","21","23","33","26","17","22","20","24","16","8","13","9","18","15","17","9","19","8","16","12","",
"Caribbean small states","CSS","Patent applications, residents","IP.PAT.RESD","","","","","","","","","","","","","","","","","","","","","","","","","","","","","","","","","","","","","","","","","","","","","","","","","","","","","","","","","","","","","","",
"Cuba","CUB","Patent applications, residents","IP.PAT.RESD","","","","","","","","","","","","","","","","","","","","","129","122","183","166","214","","","","","","","","1","1","121","104","83","109","","110","","","","","","105","94","74","69","59","","62","38","27","24","","32","29","29","27","33","",
"Curacao","CUW","Patent applications, residents","IP.PAT.RESD","","","","","","","","","","","","","","","","","","","","","","","","","","","","","","","","","","","","","","","","","","","","","","","","","","","","","","","","","","","","","","",
"Cayman Islands","CYM","Patent applications, residents","IP.PAT.RESD","","","","","","","","","","","","","","","","","","","","","","","","","","","","","","","","","","","","","","","","","","","","","","","","","","","","","","","","","","","","","","",
"Cyprus","CYP","Patent applications, residents","IP.PAT.RESD","","","","","","","","","","","","","","","","","","","","","1","","","2","2","","","","","","","","","","","","","","","","","","","12","9","20","","3","11","6","4","","4","2","4","6","3","8","4","4","2","",
"Czechia","CZE","Patent applications, residents","IP.PAT.RESD","","","","","","","","","","","","","","","","","","","","","","","","","","","","","","","","","","893","756","626","614","579","624","596","555","568","526","625","623","586","641","716","712","789","868","783","867","984","910","880","792","794","678","765","673","",
"Germany","DEU","Patent applications, residents","IP.PAT.RESD","","","","","","","","","","","","","","","","","","","","","28683","29841","30668","31658","31984","32202","32169","31597","31912","31171","30724","32256","33919","34752","36715","38103","42322","44438","46523","50029","51736","49989","47598","47818","48448","48367","48012","47853","49240","47859","47047","46986","46620","47353","48154","47384","48480","47785","46617","46632","42260","",
"Djibouti","DJI","Patent applications, residents","IP.PAT.RESD","","","","","","","","","","","","","","","","","","","","","","","","","","","","","","","","","","","","","","","","","","","","","","","","","","","","","","1","","","","","","","","",
"Dominica","DMA","Patent applications, residents","IP.PAT.RESD","","","","","","","","","","","","","","","","","","","","","","","","","","","","","","","","","","","","","","","","","","","","","","","","","","","","","","","","","","","","","","",
"Denmark","DNK","Patent applications, residents","IP.PAT.RESD","","","","","","","","","","","","","","","","","","","","","964","1085","1095","1167","966","856","958","1007","1197","1120","1218","1061","1204","1159","1274","1234","1309","1319","1543","1656","1730","1757","1815","1772","1877","1658","1503","1660","1634","1518","1626","1574","1406","1341","1377","1462","1552","1490","1262","1351","1261","",
"Dominican Republic","DOM","Patent applications, residents","IP.PAT.RESD","","","","","","","","","","","","","","","","","","","","","","","","25","","","14","","","","","","","","","","","","","","5","11","11","18","24","8","15","34","8","17","15","15","19","12","16","25","28","20","17","23","10","",
"Algeria","DZA","Patent applications, residents","IP.PAT.RESD","","","","","","","","","","","","","","","","","","","","","5","14","14","30","30","","","","5","4","6","6","10","8","27","28","50","34","42","36","32","51","43","30","58","59","58","84","","","76","94","119","118","94","89","106","149","152","113","163","",
"East Asia & Pacific (excluding high income)","EAP","Patent applications, residents","IP.PAT.RESD","","","","","","","","","","","","","","","","","","","","","","","","","","","","","","","","","","","","","","","","","","","","","","","","","","","","","","","","","","","","","","",
"Early-demographic dividend","EAR","Patent applications, residents","IP.PAT.RESD","","","","","","","","","","","","","","","","","","","","","","","","","","","","","","","","","","","","","","","","","","","","","","","","","","","","","","","","","","","","","","",
"East Asia & Pacific","EAS","Patent applications, residents","IP.PAT.RESD","","","","","","","","","","","","","","","","","","","","","174842","8816","9335","237536","266660","282371","298506","321054","320456","330514","349337","357989","365512","367734","361691","407756","424249","435329","428311","436757","490611","496382","492283","512027","546382","596811","609378","629917","659377","667812","731535","857546","986823","1146947","1240339","1403980","1638504","1684097","1828229","1679298","1769228","",
"Europe & Central Asia (excluding high income)","ECA","Patent applications, residents","IP.PAT.RESD","","","","","","","","","","","","","","","","","","","","","","","","","","","","","","","","","","","","","","","","","","","","","","","","","","","","","","","","","","","","","","",
"Europe & Central Asia","ECS","Patent applications, residents","IP.PAT.RESD","","","","","","","","","","","","","","","","","","","","","99430","93973","95118","97368","97815","98000","96472","97601","100976","96217","90542","112316","161722","166245","153787","142426","163870","161961","171753","191401","204843","200690","190235","196039","199480","200131","205797","219661","224231","217062","227012","222070","223012","225391","221770","218330","224785","222576","223725","221382","215964","",
"Ecuador","ECU","Patent applications, residents","IP.PAT.RESD","","","","","","","","","","","","","","","","","","","","","35","14","22","24","24","","27","21","24","26","","13","23","21","4","8","7","8","","15","10","7","13","7","14","11","8","4","2","6","4","","","7","24","20","45","16","34","29","33","",
"Egypt, Arab Rep.","EGY","Patent applications, residents","IP.PAT.RESD","","","","","","","","","","","","","","","","","","","","","76","59","53","88","128","168","142","170","190","186","278","308","301","328","308","408","504","","494","536","534","464","627","493","382","428","","516","481","490","605","618","683","641","752","718","920","1025","997","1027","978","",
"Euro area","EMU","Patent applications, residents","IP.PAT.RESD","","","","","","","","","","","","","","","","","","","","","","","","","","","","","","","","","","","","","","","","","","","","","","","","","","","","","","","","","","","","","","",
"Eritrea","ERI","Patent applications, residents","IP.PAT.RESD","","","","","","","","","","","","","","","","","","","","","","","","","","","","","","","","","","","","","","","","","","","","","","","","","","","","","","","","","","","","","","",
"Spain","ESP","Patent applications, residents","IP.PAT.RESD","","","","","","","","","","","","","","","","","","","","","1876","1718","1646","1498","1784","2149","1649","1720","1816","2087","2218","2156","2076","2165","2136","2047","2274","2237","2271","2439","2710","2528","2763","2813","2871","3040","3111","3267","3632","3596","3566","3430","3266","3026","2953","2799","2745","2167","1525","1288","1431","",
"Estonia","EST","Patent applications, residents","IP.PAT.RESD","","","","","","","","","","","","","","","","","","","","","","","","","","","","","","","","","","","16","16","12","15","20","13","13","18","19","18","27","23","36","44","62","76","84","62","20","25","44","30","29","37","24","31","21","",
"Ethiopia","ETH","Patent applications, residents","IP.PAT.RESD","","","","","","","","","","","","","","","","","","","","","","","","","","","","","","","","","","","","","3","","","","3","","1","3","1","1","5","12","","","","4","","1","2","18","10","14","13","","6","",
"European Union","EUU","Patent applications, residents","IP.PAT.RESD","","","","","","","","","","","","","","","","","","","","","","","","","","","","","","","","","","","","","","","","","","","","","","","","","","","","","","","","","","","","","","",
"Fragile and conflict affected situations","FCS","Patent applications, residents","IP.PAT.RESD","","","","","","","","","","","","","","","","","","","","","","","","","","","","","","","","","","","","","","","","","","","","","","","","","","","","","","","","","","","","","","",
"Finland","FIN","Patent applications, residents","IP.PAT.RESD","","","","","","","","","","","","","","","","","","","","","1356","1423","1638","1719","1775","1727","1754","1859","1981","1948","2059","2123","2052","2166","2306","2058","2179","2355","2471","2511","2579","2390","2162","1972","2011","1830","1816","1804","1799","1806","1731","1650","1698","1596","1419","1289","1260","1390","1387","1321","1588","",
"Fiji","FJI","Patent applications, residents","IP.PAT.RESD","","","","","","","","","","","","","","","","","","","","","2","","","","","","","","","","","","","","","","","","","","","","","","","","","","","","","","","","","","","","","","","",
"France","FRA","Patent applications, residents","IP.PAT.RESD","","","","","","","","","","","","","","","","","","","","","11000","10945","10681","11147","11333","12050","12155","12695","12437","12592","12378","12597","12539","12638","12519","12419","12916","13252","13251","13592","13870","13499","13519","13511","14230","14327","14529","14722","14658","14100","14748","14655","14540","14690","14500","14306","14206","14415","14303","14103","12771","",
"Faroe Islands","FRO","Patent applications, residents","IP.PAT.RESD","","","","","","","","","","","","","","","","","","","","","","","","","","","","","","","","","","","","","","","","","","","","","","","","","","","","","","","","","","","","","","",
"Micronesia, Fed. Sts.","FSM","Patent applications, residents","IP.PAT.RESD","","","","","","","","","","","","","","","","","","","","","","","","","","","","","","","","","","","","","","","","","","","","","","","","","","","","","","","","","","","","","","",
"Gabon","GAB","Patent applications, residents","IP.PAT.RESD","","","","","","","","","","","","","","","","","","","","","","","","","","","","","","","","","","","","","","","","","","","","","","","","","","","","","","","","","","","","","","",
"United Kingdom","GBR","Patent applications, residents","IP.PAT.RESD","","","","","","","","","","","","","","","","","","","","","19612","20808","20530","19893","19093","19672","20040","19945","20536","19732","19310","19230","18848","18727","18384","18630","18184","17938","19530","21333","22050","21423","20624","20426","19178","17833","17484","17375","16523","15985","15490","15343","15370","14972","15196","14867","13876","13301","12865","12061","11990","",
"Georgia","GEO","Patent applications, residents","IP.PAT.RESD","","","","","","","","","","","","","","","","","","","","","","","","","","","","","","","","","365","502","386","287","288","263","277","265","232","254","194","195","249","225","236","248","222","256","183","138","139","114","110","99","96","75","103","85","81","",
"Ghana","GHA","Patent applications, residents","IP.PAT.RESD","","","","","","","","","","","","","","","","","","","","","","","","","","","","","","","","","","","","","","","","","","","","","","","","","","","","","","","","","14","15","13","","12","",
"Gibraltar","GIB","Patent applications, residents","IP.PAT.RESD","","","","","","","","","","","","","","","","","","","","","","","","","","","","","","","","","","","","","","","","","","","","","","","","","","","","","","","","","","","","","","",
"Guinea","GIN","Patent applications, residents","IP.PAT.RESD","","","","","","","","","","","","","","","","","","","","","","","","","","","","","","","","","","","","","","","","","","","","","","","","","","","","","","","","","","","","","","",
"Gambia, The","GMB","Patent applications, residents","IP.PAT.RESD","","","","","","","","","","","","","","","","","","","","","","","","","","","","","","","","","","","","","","","","","","","","","","","","","","","","","","","","","","","","","","",
"Guinea-Bissau","GNB","Patent applications, residents","IP.PAT.RESD","","","","","","","","","","","","","","","","","","","","","","","","","","","","","","","","","","","","","","","","","","","","","","","","","","","","","","","","","","","","","","",
"Equatorial Guinea","GNQ","Patent applications, residents","IP.PAT.RESD","","","","","","","","","","","","","","","","","","","","","","","","","","","","","","","","","","","","","","","","","","","","","","","","","","","","","","","","","","","","","","",
"Greece","GRC","Patent applications, residents","IP.PAT.RESD","","","","","","","","","","","","","","","","","","","","","1265","1221","1264","1191","1277","1121","1249","1539","205","216","241","188","222","221","267","266","267","293","276","290","306","385","376","393","379","462","532","575","628","698","728","721","628","698","651","550","606","498","430","356","400","",
"Grenada","GRD","Patent applications, residents","IP.PAT.RESD","","","","","","","","","","","","","","","","","","","","","","","","","","","","","","","","","","","","","","","","","","","","","","","","","","","","","","","","","","","","","2","",
"Greenland","GRL","Patent applications, residents","IP.PAT.RESD","","","","","","","","","","","","","","","","","","","","","","","","","","","","","","","","","","","","","","","","","","","","","","","","","","","","","","","","","","","","","","",
"Guatemala","GTM","Patent applications, residents","IP.PAT.RESD","","","","","","","","","","","","","","","","","","","","","","","17","","","72","25","8","16","5","27","31","27","40","21","32","22","36","26","28","54","30","8","6","9","17","28","9","5","7","7","4","7","4","10","7","3","3","6","7","7","",
"Guam","GUM","Patent applications, residents","IP.PAT.RESD","","","","","","","","","","","","","","","","","","","","","","","","","","","","","","","","","","","","","","","","","","","","","","","","","","","","","","","","","","","","","","",
"Guyana","GUY","Patent applications, residents","IP.PAT.RESD","","","","","","","","","","","","","","","","","","","","","","","","1","","1","9","","","","","","","","","","","","","","","","","","","","","","","","","","","","1","","1","","2","","","",
"High income","HIC","Patent applications, residents","IP.PAT.RESD","","","","","","","","","","","","","","","","","","","","","","","","","","","","","","","","","","","","","","690700","706700","735400","804200","816900","805800","821000","851300","886700","886500","898400","888200","841600","861700","868300","899800","916300","912900","912900","917400","911300","900300","900200","870300","",
"Hong Kong SAR, China","HKG","Patent applications, residents","IP.PAT.RESD","","","","","","","","","","","","","","","","","","","","","","","","21","20","16","10","13","12","15","21","16","11","9","21","23","41","26","128","42","51","74","112","107","127","156","172","160","173","149","133","181","171","226","192","239","233","324","314","346","423","",
"Honduras","HND","Patent applications, residents","IP.PAT.RESD","","","","","","","","","","","","","","","","","","","","","6","","63","16","4","12","","12","","","6","","","","","7","10","","11","8","4","7","7","","","","","","","","","2","8","6","","4","10","4","8","","","",
"Heavily indebted poor countries (HIPC)","HPC","Patent applications, residents","IP.PAT.RESD","","","","","","","","","","","","","","","","","","","","","","","","","","","","","","","","","","","","","","","","","","","","","","","","","","","","","","","","","","","","","","",
"Croatia","HRV","Patent applications, residents","IP.PAT.RESD","","","","","","","","","","","","","","","","","","","","","","","","","","","","","","","","","479","503","277","265","259","273","267","246","337","362","328","387","385","363","317","344","330","250","257","230","217","230","170","169","175","148","121","195","117","",
"Haiti","HTI","Patent applications, residents","IP.PAT.RESD","","","","","","","","","","","","","","","","","","","","","4","","2","1","2","6","4","9","1","","","3","","","","","3","","","1","","","","","","","","","","","","1","2","","2","","","","","","","",
"Hungary","HUN","Patent applications, residents","IP.PAT.RESD","","","","","","","","","","","","","","","","","","","","","1601","2124","2344","2760","2869","2904","2847","3229","3262","2657","2477","2210","1497","1139","1162","1096","803","737","690","729","810","919","842","756","748","705","718","689","683","757","649","662","692","642","546","569","616","496","407","427","428","",
"IBRD only","IBD","Patent applications, residents","IP.PAT.RESD","","","","","","","","","","","","","","","","","","","","","","","","","","","","","","","","","","","","","","","","","","","","","","","","","","","","","","","","","","","","","","",
"IDA & IBRD total","IBT","Patent applications, residents","IP.PAT.RESD","","","","","","","","","","","","","","","","","","","","","","","","","","","","","","","","","","","","","","","","","","","","","","","","","","","","","","","","","","","","","","",
"IDA total","IDA","Patent applications, residents","IP.PAT.RESD","","","","","","","","","","","","","","","","","","","","","","","","","","","","","","","","","","","","","","","","","","","","","","","","","","","","","","","","","","","","","","",
"IDA blend","IDB","Patent applications, residents","IP.PAT.RESD","","","","","","","","","","","","","","","","","","","","","","","","","","","","","","","","","","","","","","","","","","","","","","","","","","","","","","","","","","","","","","",
"Indonesia","IDN","Patent applications, residents","IP.PAT.RESD","","","","","","","","","","","","","","","","","","","","","5","","16","40","26","49","32","62","","113","","34","67","38","29","61","40","79","93","152","157","212","234","201","227","235","288","284","386","415","508","533","","663","702","1058","1101","2271","1407","3093","1309","",
"IDA only","IDX","Patent applications, residents","IP.PAT.RESD","","","","","","","","","","","","","","","","","","","","","","","","","","","","","","","","","","","","","","","","","","","","","","","","","","","","","","","","","","","","","","",
"Isle of Man","IMN","Patent applications, residents","IP.PAT.RESD","","","","","","","","","","","","","","","","","","","","","","","","","","","","","","","","","","","","","","","","","","","","","","","","","","","","","","","","","","","","","","",
"India","IND","Patent applications, residents","IP.PAT.RESD","","","","","","","","","","","","","","","","","","","","","1207","1067","1128","","1003","982","999","988","1033","1048","1147","1267","1248","1209","1588","1545","1661","1926","2247","2206","2206","2379","2693","3425","4014","4721","5686","6296","6425","7262","8853","8841","9553","10669","12040","12579","13199","14961","16289","19454","23141","",
"Not classified","INX","Patent applications, residents","IP.PAT.RESD","","","","","","","","","","","","","","","","","","","","","","","","","","","","","","","","","","","","","","","","","","","","","","","","","","","","","","","","","","","","","","",
"Ireland","IRL","Patent applications, residents","IP.PAT.RESD","","","","","","","","","","","","","","","","","","","","","394","461","434","567","651","726","743","719","727","736","734","786","","","","","","","","","","","","","","","","","","","","","","","","","79","62","76","58","75","",
"Iran, Islamic Rep.","IRN","Patent applications, residents","IP.PAT.RESD","","","","","","","","","","","","","","","","","","","","","169","286","202","213","162","183","","207","167","141","182","262","225","278","266","278","288","284","337","366","410","691","910","1287","2426","4051","5970","10648","15403","12184","11108","11529","10622","11305","13683","","14930","15264","11908","11569","11396","",
"Iraq","IRQ","Patent applications, residents","IP.PAT.RESD","","","","","","","","","","","","","","","","","","","","","19","26","47","33","124","296","199","272","272","247","","","149","164","112","76","68","","","","","","","","","","","","","","","","","","","335","","613","653","737","635","",
"Iceland","ISL","Patent applications, residents","IP.PAT.RESD","","","","","","","","","","","","","","","","","","","","","19","14","18","32","28","21","29","28","16","18","17","34","28","34","22","19","16","22","41","35","51","49","71","57","66","47","45","61","50","64","57","50","37","33","51","40","35","36","56","47","44","",
"Israel","ISR","Patent applications, residents","IP.PAT.RESD","","","","","","","","","","","","","","","","","","","","","669","727","707","687","696","790","819","823","995","1042","1052","1087","1400","1318","1261","1266","1218","1441","1950","2053","1599","1248","1213","1329","1544","1669","1342","1615","1528","1387","1450","1360","1319","1201","1125","1285","1300","1436","1506","1368","1642","",
"Italy","ITA","Patent applications, residents","IP.PAT.RESD","","","","","","","","","","","","","","","","","","","","","6369","","","","","2000","","","2289","","","","7568","7493","7872","","6997","","","6281","7877","","","","","","","9255","8588","8814","8877","8794","8439","8307","8601","","8848","8643","8921","9229","10061","",
"Jamaica","JAM","Patent applications, residents","IP.PAT.RESD","","","","","","","","","","","","","","","","","","","","","","","","15","10","","","3","","","4","4","6","9","6","7","2","9","","","11","4","15","9","11","10","21","6","15","17","14","20","25","22","33","7","19","11","26","14","10","",
"Jordan","JOR","Patent applications, residents","IP.PAT.RESD","","","","","","","","","","","","","","","","","","","","","","","","","","","","","","11","","","","","","","","","","","71","52","21","25","42","49","75","59","50","60","45","40","48","35","40","41","22","26","24","21","36","",
"Japan","JPN","Patent applications, residents","IP.PAT.RESD","","","","","","","","","","","","","","","","","","","","","165730","","","227708","256205","274373","290202","311006","308908","317566","333230","335933","338019","332345","319938","334612","340101","350807","359381","360180","387364","386767","369458","358184","368416","367960","347060","333498","330110","295315","290081","287580","287013","271731","265959","258839","260244","260292","253630","245372","227348","",
"Kazakhstan","KAZ","Patent applications, residents","IP.PAT.RESD","","","","","","","","","","","","","","","","","","","","","","","","","","","","","","","","","433","3223","1393","1031","1022","1171","1244","1352","1399","1607","1594","1696","1756","1523","1433","1633","1483","1513","1691","1415","","1824","1742","1271","993","1055","789","","803","",
"Kenya","KEN","Patent applications, residents","IP.PAT.RESD","","","","","","","","","","","","","","","","","","","","","","","","","","","","","1","","","8","","14","","","15","22","27","25","","","23","22","31","34","41","41","63","48","77","135","123","127","132","137","144","135","244","294","341","",
"Kyrgyz Republic","KGZ","Patent applications, residents","IP.PAT.RESD","","","","","","","","","","","","","","","","","","","","","","","","","","","","","","","","","","","132","119","126","152","111","60","80","84","123","179","","","","155","135","146","134","124","110","111","132","122","84","137","","92","63","",
"Cambodia","KHM","Patent applications, residents","IP.PAT.RESD","","","","","","","","","","","","","","","","","","","","","","","","","","","","","","","","","","","","","","","","","","","","","","","","","","","","","","1","2","","3","","1","","","",
"Kiribati","KIR","Patent applications, residents","IP.PAT.RESD","","","","","","","","","","","","","","","","","","","","","","","","","","","","","","","","","","","","","","","","","","","","","","","","","","","","","","","","","","","","","","",
"St. Kitts and Nevis","KNA","Patent applications, residents","IP.PAT.RESD","","","","","","","","","","","","","","","","","","","","","","","","","","","","","","","","","","","","","","","","","","","","","","","","","","","","","","","","","","","","","","",
"Korea, Rep.","KOR","Patent applications, residents","IP.PAT.RESD","","","","","","","","","","","","","","","","","","","","","1241","1319","1556","1599","1997","2702","3640","4871","5696","7020","9082","13253","15951","21449","28554","59228","68405","67359","50596","55970","72831","73714","76570","90313","105250","122188","125476","128701","127114","127316","131805","138034","148136","159978","164073","167275","163424","159084","162561","171603","180477","",
"Kuwait","KWT","Patent applications, residents","IP.PAT.RESD","","","","","","","","","","","","","","","","","","","","","","","","","","","","","","","","","","","","","","","","","","","","","","","","","","","","","","","","","13","","1","","","",
"Latin America & Caribbean (excluding high income)","LAC","Patent applications, residents","IP.PAT.RESD","","","","","","","","","","","","","","","","","","","","","","","","","","","","","","","","","","","","","","","","","","","","","","","","","","","","","","","","","","","","","","",
"Lao PDR","LAO","Patent applications, residents","IP.PAT.RESD","","","","","","","","","","","","","","","","","","","","","","","","","","","","","","","","","","","","","","","","","","","","","","3","5","2","1","","","","","1","1","1","","3","1","","","",
"Lebanon","LBN","Patent applications, residents","IP.PAT.RESD","","","","","","","","","","","","","","","","","","","","","","","","","","","","","","","","","","","","","","","","","","","","","","","","","","","","","","105","80","110","","","","","","",
"Liberia","LBR","Patent applications, residents","IP.PAT.RESD","","","","","","","","","","","","","","","","","","","","","","","","","","","","","","","","6","","14","","","","","","","","","","","","","","","","","","","","","","","","","","","","",
"Libya","LBY","Patent applications, residents","IP.PAT.RESD","","","","","","","","","","","","","","","","","","","","","","","","","","","","","","3","10","25","","15","10","6","12","","","","","","","","","","","","","","","","","","","","","","","","","",
"St. Lucia","LCA","Patent applications, residents","IP.PAT.RESD","","","","","","","","","","","","","","","","","","","","","","","","","","","","","","","","","","","","","","","","","","","","","","","","","","","","","","","","","5","3","2","","","",
"Latin America & Caribbean","LCN","Patent applications, residents","IP.PAT.RESD","","","","","","","","","","","","","","","","","","","","","4939","4517","4378","5389","5368","3223","3132","3808","3331","3586","4580","4504","3870","4526","4321","4405","4806","4729","4271","4719","5272","5155","5387","5786","6117","6517","6364","6606","6676","6468","6390","7230","7634","7662","7455","7561","8674","8651","8183","8364","8385","",
"Least developed countries: UN classification","LDC","Patent applications, residents","IP.PAT.RESD","","","","","","","","","","","","","","","","","","","","","","","","","","","","","","","","","","","","","","","","","","","","","","","","","","","","","","","","","","","","","","",
"Low income","LIC","Patent applications, residents","IP.PAT.RESD","","","","","","","","","","","","","","","","","","","","","","","","","","","","","","","","","","","","","","200","200","200","400","300","300","400","400","6100","6600","7300","8200","8700","8700","8500","9000","700","600","700","600","600","800","600","600","",
"Liechtenstein","LIE","Patent applications, residents","IP.PAT.RESD","","","","","","","","","","","","","","","","","","","","","","","","","","","","","","","","","","","","","","","","","","","","","","","","","","","","","","","","","","","","","","",
"Sri Lanka","LKA","Patent applications, residents","IP.PAT.RESD","","","","","","","","","","","","","","","","","","","","","11","6","12","16","16","28","26","41","26","28","23","33","36","49","36","76","50","81","54","119","71","120","123","95","120","149","153","151","201","202","225","194","","328","","218","280","277","343","356","353","",
"Lower middle income","LMC","Patent applications, residents","IP.PAT.RESD","","","","","","","","","","","","","","","","","","","","","","","","","","","","","","","","","","","","","","9100","10000","10000","10200","12200","6800","7800","10200","10700","11600","12300","11800","11900","25700","26200","26100","28700","32400","32800","35100","38800","36300","41100","42400","",
"Low & middle income","LMY","Patent applications, residents","IP.PAT.RESD","","","","","","","","","","","","","","","","","","","","","","","","","","","","","","","","","","","","","","","","","","","","","","","","","","","","","","","","","","","","","","",
"Lesotho","LSO","Patent applications, residents","IP.PAT.RESD","","","","","","","","","","","","","","","","","","","","","","","","","","","","","","","","","","","","8","1","","","","","","","","","","","","","","","","","","","","","","4","1","","",
"Late-demographic dividend","LTE","Patent applications, residents","IP.PAT.RESD","","","","","","","","","","","","","","","","","","","","","","","","","","","","","","","","","","","","","","","","","","","","","","","","","","","","","","","","","","","","","","",
"Lithuania","LTU","Patent applications, residents","IP.PAT.RESD","","","","","","","","","","","","","","","","","","","","","","","","","","","","","","","","29","134","413","112","106","100","125","134","86","66","68","85","64","70","68","65","62","87","91","108","93","109","117","123","101","95","81","81","90","95","",
"Luxembourg","LUX","Patent applications, residents","IP.PAT.RESD","","","","","","","","","","","","","","","","","","","","","97","109","94","","58","81","80","69","68","58","41","52","","73","50","35","52","48","44","24","85","51","41","16","23","24","26","15","48","60","79","85","109","113","128","128","143","156","152","117","129","",
"Latvia","LVA","Patent applications, residents","IP.PAT.RESD","","","","","","","","","","","","","","","","","","","","","","","","","","","","","","","","","73","155","179","210","196","162","195","91","98","117","150","91","108","112","114","139","206","240","178","173","193","225","103","136","95","90","86","82","93","",
"Macao SAR, China","MAC","Patent applications, residents","IP.PAT.RESD","","","","","","","","","","","","","","","","","","","","","","","","","","","","","","","","","","","","","","","","","","","","","","3","","1","3","1","4","4","5","6","2","3","","1","1","","3","",
"St. Martin (French part)","MAF","Patent applications, residents","IP.PAT.RESD","","","","","","","","","","","","","","","","","","","","","","","","","","","","","","","","","","","","","","","","","","","","","","","","","","","","","","","","","","","","","","",
"Morocco","MAR","Patent applications, residents","IP.PAT.RESD","","","","","","","","","","","","","","","","","","","","","29","36","47","16","28","35","29","72","83","60","61","55","","42","107","89","90","","97","","104","","","","104","140","178","150","177","135","152","169","197","316","355","224","237","198","187","199","250","",
"Monaco","MCO","Patent applications, residents","IP.PAT.RESD","","","","","","","","","","","","","","","","","","","","","14","20","9","19","11","15","10","19","16","9","21","12","9","10","21","13","16","20","4","15","6","6","8","5","7","2","6","11","7","3","6","6","4","5","6","5","7","18","4","10","6","",
"Moldova","MDA","Patent applications, residents","IP.PAT.RESD","","","","","","","","","","","","","","","","","","","","","","","","","","","","","","","","","","67","237","270","289","295","257","256","240","437","239","293","297","377","303","333","273","134","139","97","93","67","67","64","91","73","92","85","85","",
"Madagascar","MDG","Patent applications, residents","IP.PAT.RESD","","","","","","","","","","","","","","","","","","","","","","","","","","","","","","","","","","","9","22","7","9","14","10","7","","4","3","16","7","4","9","14","1","9","3","4","4","5","3","6","9","9","","6","",
"Maldives","MDV","Patent applications, residents","IP.PAT.RESD","","","","","","","","","","","","","","","","","","","","","","","","","","","","","","","","","","","","","","","","","","","","","","","","","","","","","","","","","","","","","","",
"Middle East & North Africa","MEA","Patent applications, residents","IP.PAT.RESD","","","","","","","","","","","","","","","","","","","","","1007","1190","1077","1090","1180","1486","1222","1575","1735","1734","1634","1802","2184","2306","2251","2350","2414","1995","3075","3265","3174","2824","3158","3508","4936","6735","7992","13340","17775","14403","13945","14379","13483","14674","17323","4204","19220","20397","17542","17129","17557","",
"Mexico","MEX","Patent applications, residents","IP.PAT.RESD","","","","","","","","","","","","","","","","","","","","","704","765","550","730","688","590","629","742","652","757","661","564","565","553","498","432","386","420","453","455","431","534","526","468","565","584","574","629","685","822","951","1065","1294","1210","1246","1364","1310","1334","1555","1305","1132","",
"Marshall Islands","MHL","Patent applications, residents","IP.PAT.RESD","","","","","","","","","","","","","","","","","","","","","","","","","","","","","","","","","","","","","","","","","","","","","","","","","","","","","","","","","","","","","","",
"Middle income","MIC","Patent applications, residents","IP.PAT.RESD","","","","","","","","","","","","","","","","","","","","","","","","","","","","","","","","","","","","","","","","","","","","","","","","","","","","","","","","","","","","","","",
"North Macedonia","MKD","Patent applications, residents","IP.PAT.RESD","","","","","","","","","","","","","","","","","","","","","","","","","","","","","","","","","","78","58","100","52","66","84","64","71","66","42","48","44","53","55","105","34","39","27","37","50","42","","","","","","","47","",
"Mali","MLI","Patent applications, residents","IP.PAT.RESD","","","","","","","","","","","","","","","","","","","","","","1","","","","","","","","","","","","","","","","","","","","","","","","","","","","","","","","","","","","","","","","",
"Malta","MLT","Patent applications, residents","IP.PAT.RESD","","","","","","","","","","","","","","","","","","","","","7","6","3","4","","","5","5","3","2","2","6","3","8","21","11","6","22","8","11","23","26","22","","","","","10","14","8","12","9","11","13","5","9","3","5","2","5","6","",
"Myanmar","MMR","Patent applications, residents","IP.PAT.RESD","","","","","","","","","","","","","","","","","","","","","","","","","","","","","","","","","","","","","","","","","","","","","","","","","","","","","","","","","","","","","","",
"Middle East & North Africa (excluding high income)","MNA","Patent applications, residents","IP.PAT.RESD","","","","","","","","","","","","","","","","","","","","","","","","","","","","","","","","","","","","","","","","","","","","","","","","","","","","","","","","","","","","","","",
"Montenegro","MNE","Patent applications, residents","IP.PAT.RESD","","","","","","","","","","","","","","","","","","","","","","","","","","","","","","","","","","","","","","","","","","","","","","","","","3","","23","20","37","23","13","23","10","","3","16","5","",
"Mongolia","MNG","Patent applications, residents","IP.PAT.RESD","","","","","","","","","","","","","","","","","","","","","","","","12","34","","","","","","","28","26","55","128","130","114","186","148","","","106","121","167","143","100","103","","","76","110","","","133","139","109","112","124","82","84","66","",
"Northern Mariana Islands","MNP","Patent applications, residents","IP.PAT.RESD","","","","","","","","","","","","","","","","","","","","","","","","","","","","","","","","","","","","","","","","","","","","","","","","","","","","","","","","","","","","","","",
"Mozambique","MOZ","Patent applications, residents","IP.PAT.RESD","","","","","","","","","","","","","","","","","","","","","","","","","","","","","","","","","","","","","","","","2","","","","","","","1","18","2","7","15","8","14","13","14","24","15","24","34","23","26","",
"Mauritania","MRT","Patent applications, residents","IP.PAT.RESD","","","","","","","","","","","","","","","","","","","","","","","","","","","","","","","","","","","","","","","","","","","","","","","","","","","","","","","","","","","","","","",
"Mauritius","MUS","Patent applications, residents","IP.PAT.RESD","","","","","","","","","","","","","","","","","","","","","","2","","","","4","","","3","","1","2","","2","5","3","3","3","3","","","","","","","","","","2","","","1","4","2","3","1","2","1","16","4","6","",
"Malawi","MWI","Patent applications, residents","IP.PAT.RESD","","","","","","","","","","","","","","","","","","","","","2","7","3","1","","","","","1","1","","1","2","3","1","1","2","2","2","1","3","","","","","","","","","","","","","","","6","3","","","","","",
"Malaysia","MYS","Patent applications, residents","IP.PAT.RESD","","","","","","","","","","","","","","","","","","","","","","","","","","8","29","71","73","84","92","106","151","198","223","141","221","179","193","218","206","271","322","376","522","522","531","670","818","1234","1231","1076","1114","1199","1353","1272","1109","1166","1116","1071","989","",
"North America","NAC","Patent applications, residents","IP.PAT.RESD","","","","","","","","","","","","","","","","","","","","","63746","64568","65316","61408","63867","65765","67356","70842","77964","85401","93192","90137","95232","103578","109713","126393","109475","122558","138542","153312","168982","181476","188204","192870","194767","213050","227306","246345","236649","229979","246527","252504","273491","292398","289294","292612","299405","297957","289444","289351","274038","",
"Namibia","NAM","Patent applications, residents","IP.PAT.RESD","","","","","","","","","","","","","","","","","","","","","","","","","","","","","","","5","3","","13","","","","","","","","","","","","","","","","","","","","","","13","18","10","21","8","","",
"New Caledonia","NCL","Patent applications, residents","IP.PAT.RESD","","","","","","","","","","","","","","","","","","","","","","","","","","","","","","","","","","","","","","","","","","","","","","","","","","","","","","","","","","","","","","",
"Niger","NER","Patent applications, residents","IP.PAT.RESD","","","","","","","","","","","","","","","","","","","","","","","","","","","","","","","","","","","","","","","","","","","","","","","","","","","","","","","","","","","","","","",
"Nigeria","NGA","Patent applications, residents","IP.PAT.RESD","","","","","","","","","","","","","","","","","","","","","","","","","","10","","","","","12","","","","","","","","","","","","","","","","","","","","","64","42","50","","","85","100","382","439","410","",
"Nicaragua","NIC","Patent applications, residents","IP.PAT.RESD","","","","","","","","","","","","","","","","","","","","","","","","","","2","","","","","","","3","2","","","","3","12","9","14","","","","","","","","","","","2","4","3","1","","","","","","","",
"Netherlands","NLD","Patent applications, residents","IP.PAT.RESD","","","","","","","","","","","","","","","","","","","","","1826","1897","1873","1889","1840","1938","1866","1970","2158","2205","2147","1605","1753","1733","1748","2123","2348","2391","2451","2545","2465","2110","2122","2288","2187","2217","2168","2079","2421","2575","2527","2585","2375","2315","2294","2207","2290","2241","2111","2228","2198","",
"Norway","NOR","Patent applications, residents","IP.PAT.RESD","","","","","","","","","","","","","","","","","","","","","716","714","693","825","961","923","903","884","904","1015","899","924","941","1031","1074","1128","1291","1256","1213","1335","1311","1189","1178","1079","1142","1143","1119","1225","1150","1246","1117","1122","1009","1101","1106","1153","1227","1152","1082","957","880","",
"Nepal","NPL","Patent applications, residents","IP.PAT.RESD","","","","","","","","","","","","","","","","","","","","","2","","","","","","","","","","","","1","6","4","3","","","","","","","","","","","","","","","","8","4","18","10","11","11","20","","","","",
"Nauru","NRU","Patent applications, residents","IP.PAT.RESD","","","","","","","","","","","","","","","","","","","","","","","","","","","","","","","","","","","","","","","","","","","","","","","","","","","","","","","","","","","","","","",
"New Zealand","NZL","Patent applications, residents","IP.PAT.RESD","","","","","","","","","","","","","","","","","","","","","1148","1033","986","1110","1001","1008","957","912","803","807","802","983","1031","1236","1254","1284","1275","1572","1181","1420","1463","1768","1839","1845","1631","1893","2153","1892","1256","1555","1585","1501","1425","1614","1636","1184","1075","1014","1017","324","348","",
"OECD members","OED","Patent applications, residents","IP.PAT.RESD","","","","","","","","","","","","","","","","","","","","","","","","","","","","","","","","","","","","","","","","","","","","","","","","","","","","","","","","","","","","","","",
"Oman","OMN","Patent applications, residents","IP.PAT.RESD","","","","","","","","","","","","","","","","","","","","","","","","","","","","","","","","","","","","","","","","","","","","","","","","","","","","","","","","5","3","4","16","30","","",
"Other small states","OSS","Patent applications, residents","IP.PAT.RESD","","","","","","","","","","","","","","","","","","","","","","","","","","","","","","","","","","","","","","","","","","","","","","","","","","","","","","","","","","","","","","",
"Pakistan","PAK","Patent applications, residents","IP.PAT.RESD","","","","","","","","","","","","","","","","","","","","","37","","","","","","","","","","23","22","17","19","31","21","16","27","45","44","46","58","55","57","73","143","91","109","170","","114","92","96","151","146","209","204","193","306","313","338","",
"Panama","PAN","Patent applications, residents","IP.PAT.RESD","","","","","","","","","","","","","","","","","","","","","15","8","7","16","15","14","11","3","9","6","15","19","18","20","11","16","31","","","","7","","","","","","","","","","","21","","9","13","14","68","33","135","34","22","",
"Peru","PER","Patent applications, residents","IP.PAT.RESD","","","","","","","","","","","","","","","","","","","","","82","50","56","77","","41","48","43","53","","49","31","21","34","29","","52","48","","48","40","36","29","32","38","27","39","28","31","37","39","39","54","73","83","67","72","100","89","137","125","",
"Philippines","PHL","Patent applications, residents","IP.PAT.RESD","","","","","","","","","","","","","","","","","","","","","119","91","134","63","102","91","75","76","86","71","147","147","133","178","181","169","163","125","163","144","154","135","149","141","158","210","223","225","216","172","170","186","162","220","334","375","327","323","529","501","476","",
"Palau","PLW","Patent applications, residents","IP.PAT.RESD","","","","","","","","","","","","","","","","","","","","","","","","","","","","","","","","","","","","","","","","","","","","","","","","","","","","","","","","","","","","","","",
"Papua New Guinea","PNG","Patent applications, residents","IP.PAT.RESD","","","","","","","","","","","","","","","","","","","","","","","","","","","","","","","","","","","","","","","","","","","","","","","","","1","","","","","","","1","","","","","","",
"Poland","POL","Patent applications, residents","IP.PAT.RESD","","","","","","","","","","","","","","","","","","","","","6198","4370","4482","4741","5090","5124","5486","5682","6280","5294","4106","3389","2891","2659","2676","2595","2411","2399","2407","2285","2404","2202","2313","2268","2381","2028","2157","2392","2488","2899","3203","3879","4410","4237","3941","4676","4261","3924","4207","3887","4010","",
"Pre-demographic dividend","PRE","Patent applications, residents","IP.PAT.RESD","","","","","","","","","","","","","","","","","","","","","","","","","","","","","","","","","","","","","","","","","","","","","","","","","","","","","","","","","","","","","","",
"Puerto Rico","PRI","Patent applications, residents","IP.PAT.RESD","","","","","","","","","","","","","","","","","","","","","","","","","","","","","","","","","","","","","","","","","","","","","","","","","","","","","","","","","","","","","","",
"Korea, Dem. People's Rep.","PRK","Patent applications, residents","IP.PAT.RESD","","","","","","","","","","","","","","","","","","","","","","","","","","","","","","","","","","","","","","","","","","","","","","5861","6350","6846","","7956","8018","7956","8354","","","","","8095","7846","7377","6937","",
"Portugal","PRT","Patent applications, residents","IP.PAT.RESD","","","","","","","","","","","","","","","","","","","","","92","90","92","91","96","85","77","61","54","86","101","102","69","88","103","81","86","71","96","81","81","107","130","125","123","158","184","250","381","571","499","571","621","647","722","925","724","644","661","703","695","",
"Paraguay","PRY","Patent applications, residents","IP.PAT.RESD","","","","","","","","","","","","","","","","","","","","","","","","5","10","7","","","","6","16","","20","30","","","","","","","11","12","11","12","18","24","21","37","13","15","18","","","","","","","","34","4","14","",
"West Bank and Gaza","PSE","Patent applications, residents","IP.PAT.RESD","","","","","","","","","","","","","","","","","","","","","","","","","","","","","","","","","","","","","","","","","","","","","","","","","","","","","","","","","","","","","","",
"Pacific island small states","PSS","Patent applications, residents","IP.PAT.RESD","","","","","","","","","","","","","","","","","","","","","","","","","","","","","","","","","","","","","","","","","","","","","","","","","","","","","","","","","","","","","","",
"Post-demographic dividend","PST","Patent applications, residents","IP.PAT.RESD","","","","","","","","","","","","","","","","","","","","","","","","","","","","","","","","","","","","","","","","","","","","","","","","","","","","","","","","","","","","","","",
"French Polynesia","PYF","Patent applications, residents","IP.PAT.RESD","","","","","","","","","","","","","","","","","","","","","","","","","","","","","","","","","","","","","","","","","","","","","","","","","","","","","","","","","","","","","","",
"Qatar","QAT","Patent applications, residents","IP.PAT.RESD","","","","","","","","","","","","","","","","","","","","","","","","","","","","","","","","","","","","","","","","","","","","","","","","","","","","","3","9","5","","16","19","","39","81","",
"Romania","ROU","Patent applications, residents","IP.PAT.RESD","","","","","","","","","","","","","","","","","","","","","2569","2481","2724","3108","3446","4201","4394","4821","5615","5868","2752","2015","1457","1414","1633","1811","1831","1708","1299","1061","1003","1128","1478","881","937","916","814","827","995","1054","1382","1424","1022","993","952","975","1005","1098","1100","881","817","",
"Russian Federation","RUS","Patent applications, residents","IP.PAT.RESD","","","","","","","","","","","","","","","","","","","","","","","","","","","","","","","","","39494","28503","21250","17551","18014","15106","16454","19900","23377","24777","23712","24969","22985","23644","27884","27505","27712","25598","28722","26495","28701","28765","24072","29269","26795","22777","24926","23337","23759","",
"Rwanda","RWA","Patent applications, residents","IP.PAT.RESD","","","","","","","","","","","","","","","","","","","","","","","","","","","","","1","","","","","","","","","","","","","","","","","","","","","","","","40","","5","5","3","4","6","","","",
"South Asia","SAS","Patent applications, residents","IP.PAT.RESD","","","","","","","","","","","","","","","","","","","","","1291","1112","1180","56","1081","1050","1041","1052","1083","1108","1225","1358","1374","1319","1698","1715","1749","2080","2378","2418","2393","2616","2914","3635","4255","5063","5952","6585","6856","7519","9258","9172","9723","11229","12240","13059","13775","15512","17008","20192","23872","",
"Saudi Arabia","SAU","Patent applications, residents","IP.PAT.RESD","","","","","","","","","","","","","","","","","","","","","","","","","","","","","","12","16","27","21","21","33","28","27","57","45","72","76","46","61","56","81","119","119","128","","","288","347","","491","652","715","1070","909","1078","1188","1294","",
"Sudan","SDN","Patent applications, residents","IP.PAT.RESD","","","","","","","","","","","","","","","","","","","","","","","","7","","","","","","","","","","","","","","","","2","6","1","2","6","4","6","3","3","340","332","252","249","","269","","267","284","281","349","238","153","",
"Senegal","SEN","Patent applications, residents","IP.PAT.RESD","","","","","","","","","","","","","","","","","","","","","","","","","","","","","","","","","","","","","","","","","","","","","","","","","","","","","","","","","","","","","","",
"Singapore","SGP","Patent applications, residents","IP.PAT.RESD","","","","","","","","","","","","","","","","","","","","","2","4","","5","4","4","","","","","","","","","","145","224","288","311","374","516","524","624","626","641","569","626","696","793","750","895","1056","1081","1143","1303","1469","1601","1609","1575","1727","1778","",
"Solomon Islands","SLB","Patent applications, residents","IP.PAT.RESD","","","","","","","","","","","","","","","","","","","","","","","","","","","","","","","","","","","","","","","","","","","","","","","","","","","","","","","","","","","","","","",
"Sierra Leone","SLE","Patent applications, residents","IP.PAT.RESD","","","","","","","","","","","","","","","","","","","","","","","","","","","","","","","","","","","","","","","","","","","","","","","","","","","","","","","","","","","","","","",
"El Salvador","SLV","Patent applications, residents","IP.PAT.RESD","","","","","","","","","","","","","","","","","","","","","12","","22","39","31","16","","","","19","10","10","11","10","10","3","","","","","","","","","","","","","","","","","","","","7","4","4","3","1","4","",
"San Marino","SMR","Patent applications, residents","IP.PAT.RESD","","","","","","","","","","","","","","","","","","","","","","","","","","","","","","","","","","","","","","","","","","","","","","","","","","","","","","11","4","7","12","14","14","11","9","",
"Somalia","SOM","Patent applications, residents","IP.PAT.RESD","","","","","","","","","","","","","","","","","","","","","","","","","1","","","","","","","","","","","","","","","","","","","","","","","","","","","","","","","","","","","","","",
"Serbia","SRB","Patent applications, residents","IP.PAT.RESD","","","","","","","","","","","","","","","","","","","","","","","","","","","","","","","","","","","","","","","","","","","","","473","372","432","395","386","319","290","180","192","201","202","178","192","171","163","168","138","",
"Sub-Saharan Africa (excluding high income)","SSA","Patent applications, residents","IP.PAT.RESD","","","","","","","","","","","","","","","","","","","","","","","","","","","","","","","","","","","","","","","","","","","","","","","","","","","","","","","","","","","","","","",
"South Sudan","SSD","Patent applications, residents","IP.PAT.RESD","","","","","","","","","","","","","","","","","","","","","","","","","","","","","","","","","","","","","","","","","","","","","","","","","","","","","","","","","","","","","","",
"Sub-Saharan Africa","SSF","Patent applications, residents","IP.PAT.RESD","","","","","","","","","","","","","","","","","","","","","3141","3393","3071","4307","3930","4122","4782","4993","4937","5178","1175","1136","966","1032","992","1005","908","428","277","221","948","996","1060","1036","1092","1124","935","1023","1318","1219","1181","1200","979","1229","1125","1515","1485","1488","1970","1745","1834","",
"Small states","SST","Patent applications, residents","IP.PAT.RESD","","","","","","","","","","","","","","","","","","","","","","","","","","","","","","","","","","","","","","","","","","","","","","","","","","","","","","","","","","","","","","",
"Sao Tome and Principe","STP","Patent applications, residents","IP.PAT.RESD","","","","","","","","","","","","","","","","","","","","","","","","","","","","","","","","","","","","","","","","","","","","","","","","","","","","","","","","","","","","","","",
"Suriname","SUR","Patent applications, residents","IP.PAT.RESD","","","","","","","","","","","","","","","","","","","","","","","","","","","","","","","","","","","","","","","","","","","","","","","","","","","","","","","","","","","","","","",
"Slovak Republic","SVK","Patent applications, residents","IP.PAT.RESD","","","","","","","","","","","","","","","","","","","","","","","","","","","","","","","","","","282","248","269","195","224","213","213","236","246","259","210","215","155","193","239","167","176","234","224","168","184","211","228","220","183","217","206","206","",
"Slovenia","SVN","Patent applications, residents","IP.PAT.RESD","","","","","","","","","","","","","","","","","","","","","","","","","","","","","","","","21","188","277","286","314","288","266","288","261","307","301","300","310","342","344","287","331","301","373","442","470","","","","","","","255","","","",
"Sweden","SWE","Patent applications, residents","IP.PAT.RESD","","","","","","","","","","","","","","","","","","","","","4106","3914","4087","4283","3969","3840","3685","3521","3260","3147","3108","3154","3291","3760","3953","3941","4111","4130","3972","4142","4224","3926","3358","3025","2768","2522","2446","2527","2549","2186","2196","2004","2288","2332","1984","2038","2032","1992","1838","1802","1764","",
"Eswatini","SWZ","Patent applications, residents","IP.PAT.RESD","","","","","","","","","","","","","","","","","","","","","","","","","","","","","","","","","","","","","","","","","","","","","","","","","","","","","","","","","","","","","","",
"Sint Maarten (Dutch part)","SXM","Patent applications, residents","IP.PAT.RESD","","","","","","","","","","","","","","","","","","","","","","","","","","","","","","","","","","","","","","","","","","","","","","","","","","","","","","","","","","","","","","",
"Seychelles","SYC","Patent applications, residents","IP.PAT.RESD","","","","","","","","","","","","","","","","","","","","","","","","","","","","","","","","","","","","","","","","","","","","","","","","","","","","","","","","","","","","","3","",
"Syrian Arab Republic","SYR","Patent applications, residents","IP.PAT.RESD","","","","","","","","","","","","","","","","","","","","","6","7","4","","","","","","","","","","53","82","67","129","106","116","54","87","247","189","183","213","205","105","124","","","","","","","","","198","","120","103","121","76","",
"Turks and Caicos Islands","TCA","Patent applications, residents","IP.PAT.RESD","","","","","","","","","","","","","","","","","","","","","","","","","","","","","","","","","","","","","","","","","","","","","","","","","","","","","","","","","","","","","","",
"Chad","TCD","Patent applications, residents","IP.PAT.RESD","","","","","","","","","","","","","","","","","","","","","","","","","","","","","","","","","","","","","","","","","","","","","","","","","","","","","","","","","","","","","","",
"East Asia & Pacific (IDA & IBRD countries)","TEA","Patent applications, residents","IP.PAT.RESD","","","","","","","","","","","","","","","","","","","","","","","","","","","","","","","","","","","","","","","","","","","","","","","","","","","","","","","","","","","","","","",
"Europe & Central Asia (IDA & IBRD countries)","TEC","Patent applications, residents","IP.PAT.RESD","","","","","","","","","","","","","","","","","","","","","","","","","","","","","","","","","","","","","","","","","","","","","","","","","","","","","","","","","","","","","","",
"Togo","TGO","Patent applications, residents","IP.PAT.RESD","","","","","","","","","","","","","","","","","","","","","","","","","","","","","","","","","","","","","","","","","","","","","","","","","","","","","","","","","","","","","","",
"Thailand","THA","Patent applications, residents","IP.PAT.RESD","","","","","","","","","","","","","","","","","","","","","13","26","40","48","49","55","60","68","78","43","73","80","67","110","150","145","203","246","479","738","561","534","615","802","819","891","1040","945","902","1025","1214","927","1020","1572","1006","1029","1098","979","904","865","863","",
"Tajikistan","TJK","Patent applications, residents","IP.PAT.RESD","","","","","","","","","","","","","","","","","","","","","","","","","","","","","","","","","","5","24","35","30","23","37","38","45","83","39","30","32","30","26","","","11","7","4","3","2","","","","","","1","","",
"Turkmenistan","TKM","Patent applications, residents","IP.PAT.RESD","","","","","","","","","","","","","","","","","","","","","","","","","","","","","","","","","","","","","66","52","41","44","","","","","","","","","","","","","","","","","","","","","","",
"Latin America & the Caribbean (IDA & IBRD countries)","TLA","Patent applications, residents","IP.PAT.RESD","","","","","","","","","","","","","","","","","","","","","","","","","","","","","","","","","","","","","","","","","","","","","","","","","","","","","","","","","","","","","","",
"Timor-Leste","TLS","Patent applications, residents","IP.PAT.RESD","","","","","","","","","","","","","","","","","","","","","","","","","","","","","","","","","","","","","","","","","","","","","","","","","","","","","","","","","","","","","","",
"Middle East & North Africa (IDA & IBRD countries)","TMN","Patent applications, residents","IP.PAT.RESD","","","","","","","","","","","","","","","","","","","","","","","","","","","","","","","","","","","","","","","","","","","","","","","","","","","","","","","","","","","","","","",
"Tonga","TON","Patent applications, residents","IP.PAT.RESD","","","","","","","","","","","","","","","","","","","","","","","","","","","","","","","","","","","","","","","","","","","","","","","","","","","","","","","","","","","","","","",
"South Asia (IDA & IBRD)","TSA","Patent applications, residents","IP.PAT.RESD","","","","","","","","","","","","","","","","","","","","","","","","","","","","","","","","","","","","","","","","","","","","","","","","","","","","","","","","","","","","","","",
"Sub-Saharan Africa (IDA & IBRD countries)","TSS","Patent applications, residents","IP.PAT.RESD","","","","","","","","","","","","","","","","","","","","","","","","","","","","","","","","","","","","","","","","","","","","","","","","","","","","","","","","","","","","","","",
"Trinidad and Tobago","TTO","Patent applications, residents","IP.PAT.RESD","","","","","","","","","","","","","","","","","","","","","7","","10","","","","","","","","","","13","29","13","24","9","17","","","","","2","","3","1","","2","1","","","","2","","4","3","3","","4","1","1","",
"Tunisia","TUN","Patent applications, residents","IP.PAT.RESD","","","","","","","","","","","","","","","","","","","","","27","28","","19","12","14","28","26","20","26","27","26","22","42","39","31","45","41","38","67","47","22","45","35","46","56","77","76","76","105","113","137","150","112","142","180","235","172","180","","","",
"Turkiye","TUR","Patent applications, residents","IP.PAT.RESD","","","","","","","","","","","","","","","","","","","","","134","157","126","","153","132","174","138","153","162","138","148","189","169","151","170","189","203","207","276","277","337","414","489","682","928","1072","1810","2221","2555","3180","3885","4434","4392","4766","5352","6230","8175","7156","7871","7920","",
"Tuvalu","TUV","Patent applications, residents","IP.PAT.RESD","","","","","","","","","","","","","","","","","","","","","","","","","","","","","","","","","","","","","","","","","","","","","","","","","","","","","","","","","","","","","","",
"Tanzania","TZA","Patent applications, residents","IP.PAT.RESD","","","","","","","","","","","","","","","","","","","","","","","","1","","","","","","","","","","","","","","","","","","","","","","","","","","","","","","","","1","","","","","","",
"Uganda","UGA","Patent applications, residents","IP.PAT.RESD","","","","","","","","","","","","","","","","","","","","","","","","","","","","","","","","","","","","","","","","","","","","5","12","3","11","6","","","","","","10","5","9","16","25","6","14","13","",
"Ukraine","UKR","Patent applications, residents","IP.PAT.RESD","","","","","","","","","","","","","","","","","","","","","","","","","","","","","","","","","309","8687","5355","4804","3636","4688","5319","5401","5620","7208","1601","1635","4090","3538","3474","3440","2825","2434","2556","2649","2491","2856","2457","2271","2233","2283","2107","2097","1361","",
"Upper middle income","UMC","Patent applications, residents","IP.PAT.RESD","","","","","","","","","","","","","","","","","","","","","","","","","","","","","","","","","","","","","","37000","39600","45700","60000","66900","76000","95600","104800","135300","170400","207000","253900","284200","340900","462100","584600","754800","845100","1018100","1253900","1292700","1441100","1289800","1391200","",
"Uruguay","URY","Patent applications, residents","IP.PAT.RESD","","","","","","","","","","","","","","","","","","","","","70","71","49","40","43","63","39","34","28","23","","34","39","29","18","35","25","32","27","27","44","52","30","45","37","24","31","35","33","30","23","20","22","","37","26","","23","","","","",
"United States","USA","Patent applications, residents","IP.PAT.RESD","","","","","","","","","","","","","","","","","","","","","62098","62404","63316","59391","61841","63673","65195","68315","75192","82370","90643","87955","92425","99955","107233","123962","106892","119214","134733","149251","164795","177513","184245","188941","189536","207867","221784","241347","231588","224912","241977","247750","268782","287831","285096","288335","295327","293904","285095","285113","269586","",
"Uzbekistan","UZB","Patent applications, residents","IP.PAT.RESD","","","","","","","","","","","","","","","","","","","","","","","","","","","","","","","","","","2136","1061","1039","914","815","721","767","755","803","715","931","273","264","323","324","262","238","370","282","257","299","345","288","353","357","470","374","356","",
"St. Vincent and the Grenadines","VCT","Patent applications, residents","IP.PAT.RESD","","","","","","","","","","","","","","","","","","","","","","","","","","","","","","","","","","","","","","","","","","","","","","","","","","","","","","","","","","","","","","",
"Venezuela, RB","VEN","Patent applications, residents","IP.PAT.RESD","","","","","","","","","","","","","","","","","","","","","236","176","174","625","875","227","282","312","","183","262","233","202","186","224","","182","201","","","56","","67","85","84","121","101","63","51","60","70","61","65","74","55","47","35","96","","","","",
"British Virgin Islands","VGB","Patent applications, residents","IP.PAT.RESD","","","","","","","","","","","","","","","","","","","","","","","","","","","","","","","","","","","","","","","","","","","","","","","","","","","","","","","","","","","","","","",
"Virgin Islands (U.S.)","VIR","Patent applications, residents","IP.PAT.RESD","","","","","","","","","","","","","","","","","","","","","","","","","","","","","","","","","","","","","","","","","","","","","","","","","","","","","","","","","","","","","","",
"Vietnam","VNM","Patent applications, residents","IP.PAT.RESD","","","","","","","","","","","","","","","","","","","","","","","","","52","","7","","20","46","58","37","34","32","22","23","37","30","25","35","34","52","69","78","103","180","196","219","204","258","306","300","382","443","487","582","560","592","646","720","1021","",
"Vanuatu","VUT","Patent applications, residents","IP.PAT.RESD","","","","","","","","","","","","","","","","","","","","","","","","","","","","","","","","","","","","","","","","","","","","","","","","","","","","","","","","","","","","","","",
"World","WLD","Patent applications, residents","IP.PAT.RESD","","","","","","","","","","","","","","","","","","","","","","","","","","651100","675000","712400","714900","705400","687700","601000","635700","649200","637000","703000","707700","737100","756400","791400","874800","896400","888900","924800","966600","1038800","1075200","1125000","1162200","1146400","1236900","1365300","1519700","1700600","1791100","1964500","2207100","2243300","2378500","2231800","2304400","",
"Samoa","WSM","Patent applications, residents","IP.PAT.RESD","","","","","","","","","","","","","","","","","","","","","","2","","","","","","","","","","","","","","","","","","","","","","","","","","","","","","","","","1","1","","","1","2","","",
"Kosovo","XKX","Patent applications, residents","IP.PAT.RESD","","","","","","","","","","","","","","","","","","","","","","","","","","","","","","","","","","","","","","","","","","","","","","","","","","","","","","","","","","","","","","",
"Yemen, Rep.","YEM","Patent applications, residents","IP.PAT.RESD","","","","","","","","","","","","","","","","","","","","","","","","","","","","","","","","","","","","","","","7","9","7","6","9","16","10","20","14","11","","","20","7","36","43","29","5","16","15","","60","60","",
"South Africa","ZAF","Patent applications, residents","IP.PAT.RESD","","","","","","","","","","","","","","","","","","","","","3092","3340","3017","4240","3874","4051","4730","4922","4829","5134","1093","1023","888","904","935","883","757","355","200","138","895","966","983","922","956","1003","866","915","860","822","821","656","608","638","802","889","704","728","657","567","542","",
"Zambia","ZMB","Patent applications, residents","IP.PAT.RESD","","","","","","","","","","","","","","","","","","","","","2","1","1","1","","","","","7","3","7","1","7","4","","4","6","","","5","","6","3","3","1","5","4","19","26","9","5","3","7","13","14","20","15","12","11","2","16","",
"Zimbabwe","ZWE","Patent applications, residents","IP.PAT.RESD","","","","","","","","","","","","","","","","","","","","","39","35","41","40","34","38","47","41","38","39","44","60","42","44","","55","28","","","","","","","","","","","","","","","","","","","9","8","","","","","",
